Model,Detection Rate (%),Mean Time (timesteps),Median Time (timesteps)
FTA-LSTM,68.1263304226943,11.360795816860094,12.0
CEP3,59.750640775011945,10.771557365130144,12.0
FTA-GRU,49.66766584126157,11.569929152453424,12.0
IFCNN-TPP,25.817802684738695,11.516237590442538,12.0
GNN,18.23710847560711,10.224630776560266,12.0
LSTM,15.57843520569964,10.841048522030118,12.0
GRU,12.7199270168122,11.446379781420765,12.0
