Model,Test Accuracy (%),Precision Macro,Recall Macro,F1 Macro,F1 Weighted,ROC-AUC,AUPRC Macro,AUPRC Weighted
FTA-LSTM,82.73964668404287,0.8487107490903042,0.8299552764843945,0.8355327146543393,0.8289469690317723,0.9874407355970116,0.8952462798567349,0.8935292118957059
FTA-GRU,80.5676223573704,0.8255937004009352,0.8094658838021395,0.8141060140606241,0.8074684935039761,0.9860433220707235,0.8796304131232301,0.8774968572978559
CEP3,72.57457283521576,0.7534609228647887,0.7298791797971009,0.7359608472517247,0.7308667788209224,0.9822154687280815,0.8169728973111625,0.8142143436226961
IFCNN-TPP,66.4349840718216,0.7058703349706885,0.6612921912165565,0.6666343859393958,0.6632032708450712,0.9685319507708801,0.7357921527107296,0.7287542253998658
LSTM,40.39965247610773,0.45333057174933866,0.40509349185357363,0.40801478618139697,0.4057498139051143,0.8951687639924161,0.42099689321204015,0.4196801676367631
GNN,37.79322328410078,0.4432225100822805,0.384418915476607,0.3941110854054914,0.39117470113248537,0.8732666379262752,0.3900440098684995,0.3909103988776885
GRU,34.05734144222415,0.38033590806955725,0.3396355798411014,0.3303493358328112,0.33034150556225667,0.8680216108348212,0.3336764748961379,0.33066167469640445
